id,role,path,source,bytes,sha256
WF-001-A,book,assets/book/WF-001-A.webp,homebrewery/art/images/exports/WF-001-A-v2.webp,2095518,f8393ea1d8a0ed1ce8911f9f1b9a80ba5fdd19d46bb342951cde1142c7b89ca0
WF-004-A,book,assets/book/WF-004-A.svg,homebrewery/art/images/WF-004-A-v1.svg,858,ae535cb3f2bb7f2fa53c8ac7417ab757cda5b8fb7bf4270ea9f42efcdf32ece7
WF-020-A,book,assets/book/WF-020-A.webp,homebrewery/art/images/exports/WF-020-A-v2.webp,2189586,b183e9a576d391817b8d0f79e4999cf38e835ab8dee42309a02ea9ed0a3a5b15
WF-030-A,book,assets/book/WF-030-A.webp,homebrewery/art/images/exports/WF-030-A-v2.webp,1805216,ed2fd3149dc4577570e6cada9b05841ae62c179d89a4cfae317164bfe4fa3d8b
WF-035-A,book,assets/book/WF-035-A.svg,homebrewery/art/maps/WF-035-A-town-book-v1.svg,115709,7c27e4a955123d113c2df7c163fa194964508910c3e5908da594642cf7d27a47
WF-054-A,book,assets/book/WF-054-A.svg,homebrewery/art/maps/WF-054-A-compass-v1.svg,52089,9a2230b1eb086d435179440c6fec13cdfbb1a7e44fd8532054573396b4c27c2e
WF-054-B,book,assets/book/WF-054-B.svg,homebrewery/art/maps/WF-054-B-wrenmarch-book-v1.svg,81026,8e7d6d4537e0120cf0b9858b3bb925d20590b3e884c5e709ed708f4cf0998288
WF-062-A,book,assets/book/WF-062-A.webp,homebrewery/art/images/exports/WF-062-A-v2.webp,1642638,37698bf701dfa8e5fad718a435bfad81d84bcdcef9ebce87baa70718bcecca0a
WF-067-A,book,assets/book/WF-067-A.svg,homebrewery/art/maps/WF-067-A-book-v1.svg,71266,be3b9395a0dec3dbfd02de690b8459ffa7cbbaa969a7b0c7f32eddfb0623664f
WF-070-B,book,assets/book/WF-070-B.svg,homebrewery/art/maps/WF-070-B-book-v1.svg,72848,08065deb5508311d843c9a807cbbfa967ae04a00f6f981e6d1e0ab96bf2c50f2
WF-172-A,book,assets/book/WF-172-A.svg,homebrewery/art/maps/WF-172-A-selvane-gm-book-v1.svg,88527,bf40ba1a3f6fc186f80d637eeccde60b10acf86cc64664611d46429e534c679f
WF-226-A,book,assets/book/WF-226-A.svg,homebrewery/art/maps/WF-226-A-letter-book-v1.svg,53349,38d03dc6cd9df4a14c96b2e2015348adbfd7e1fac53ab26ab8dd41ee91da20b1
WF-436-A,book,assets/book/WF-436-A.webp,homebrewery/art/images/exports/WF-436-A-v1.webp,2065728,c58f5d4ed3b4cc8bfd7d04591c7dabe67aeb3543733cf1bc47754884a68294b4
WF-473-A,book,assets/book/WF-473-A.svg,homebrewery/art/maps/WF-473-A-selvane-player-book-v1.svg,82885,ba74be435b781405b983b842bef17005a29afb60b29b374356281c42fe68064c
REF-WREN-BRACKENHALL,reference,assets/references/REF-WREN-BRACKENHALL.png,homebrewery/art/models/REF-WREN-BRACKENHALL-v1-caf55729.png,3155318,65152464dbfbdf31c08632e269391b80acafb9f9b0d5dbd5c8eaeca5df0d37de
REF-BRACKENHALL-UNIFORM,reference,assets/references/REF-BRACKENHALL-UNIFORM.png,homebrewery/art/models/REF-BRACKENHALL-UNIFORM-v1-a407f722.png,2588574,f48c087746a7b9c3bc0e37fa7a984fcc13939136ac211fd4b2f76547f9c6092d
REF-ELEANOR,reference,assets/references/REF-ELEANOR.png,homebrewery/art/models/REF-ELEANOR-v1-a6626e34.png,2961734,60cd82f41b0934ab092dc4d812d39f2569f639e9f99d0cb1f2aad6009b76c901
REF-DOGE,reference,assets/references/REF-DOGE.png,homebrewery/art/models/REF-DOGE-v2-4cf3899b.png,3030450,5ac6f8d8e2db755fa5b4b8b3106bd32698c4cd629881302a8f2b1bbf49946ac9
REF-FEROX,reference,assets/references/REF-FEROX.png,homebrewery/art/models/REF-FEROX-v1-1bf60db4.png,2911499,dbc8deba8b97b587d2179aa109306d6795f38a9efb6e75282a0b27d0994f36da
WF-035-A,book vector,assets/maps/WF-035-A-town-book-v1.svg,homebrewery/art/maps/WF-035-A-town-book-v1.svg,115709,7c27e4a955123d113c2df7c163fa194964508910c3e5908da594642cf7d27a47
WF-035-A,book PNG,assets/maps/png/WF-035-A-town-book-v1.png,homebrewery/art/maps/exports/WF-035-A-town-book-v1.png,886380,87529f5715ac6c4124d414edf6459a7fbc9e3eacaf0343fa2959f117ab2ded4b
WF-035-A,player-print vector,assets/maps/WF-035-A-town-player-v1.svg,homebrewery/art/maps/WF-035-A-town-player-v1.svg,115709,7c27e4a955123d113c2df7c163fa194964508910c3e5908da594642cf7d27a47
WF-035-A,player-print PNG,assets/maps/png/WF-035-A-town-player-v1.png,homebrewery/art/maps/exports/WF-035-A-town-player-v1.png,886380,87529f5715ac6c4124d414edf6459a7fbc9e3eacaf0343fa2959f117ab2ded4b
WF-067-A,gm-grid vector,assets/maps/WF-067-A-gm-grid-v1.svg,homebrewery/art/maps/WF-067-A-gm-grid-v1.svg,69703,43cd6dd4fe7d64356e64cf288cd27827ee39fc14dbf17e0dee607537d264a33f
WF-067-A,gm-grid PNG,assets/maps/png/WF-067-A-gm-grid-v1.png,homebrewery/art/maps/exports/WF-067-A-gm-grid-v1.png,255759,dd3ee29a3da9eb7939b8ce0bfa7e89a0e168a1901f57264fb0515c7c3d89961d
WF-067-A,player-grid vector,assets/maps/WF-067-A-player-grid-v1.svg,homebrewery/art/maps/WF-067-A-player-grid-v1.svg,66073,c448ce8fb02d70789e55252980369114c309718617268bfc75ad4ef6fbe0627e
WF-067-A,player-grid PNG,assets/maps/png/WF-067-A-player-grid-v1.png,homebrewery/art/maps/exports/WF-067-A-player-grid-v1.png,203309,8d616b2fadd615b6ed3d69196e4175e277b1ceb6106840f0f440cd3315a9a635
WF-067-A,player-clear vector,assets/maps/WF-067-A-player-clear-v1.svg,homebrewery/art/maps/WF-067-A-player-clear-v1.svg,65793,b42bbdc5724f330242be783480ff06f84601d14ca8270bf323edbeb0aaee6f84
WF-067-A,player-clear PNG,assets/maps/png/WF-067-A-player-clear-v1.png,homebrewery/art/maps/exports/WF-067-A-player-clear-v1.png,190776,82cb75ea96cebfd6b53f3425a68a4fb23c1f6492f5026ffb7f22f563802a107e
WF-067-A,grid-overlay vector,assets/maps/WF-067-A-grid-overlay-v1.svg,homebrewery/art/maps/WF-067-A-grid-overlay-v1.svg,51475,36e73a2278aacd62ee12e932da189eb19a2a2e6947a97102ae841c6371acf0f0
WF-067-A,grid-overlay PNG,assets/maps/png/WF-067-A-grid-overlay-v1.png,homebrewery/art/maps/exports/WF-067-A-grid-overlay-v1.png,39264,ed6d465ce742da21429776c9d7364d5ccf918d7eaa82d01cd2e236a2ff994f5a
WF-067-A,book vector,assets/maps/WF-067-A-book-v1.svg,homebrewery/art/maps/WF-067-A-book-v1.svg,71266,be3b9395a0dec3dbfd02de690b8459ffa7cbbaa969a7b0c7f32eddfb0623664f
WF-067-A,book PNG,assets/maps/png/WF-067-A-book-v1.png,homebrewery/art/maps/exports/WF-067-A-book-v1.png,421937,75862f9b4403cdedfa10506a83b7593a34b63fe463a8d0b16967ecc27510afa0
WF-070-B,gm-grid vector,assets/maps/WF-070-B-gm-grid-v1.svg,homebrewery/art/maps/WF-070-B-gm-grid-v1.svg,71262,410693d16443508d432dcc7248f38b632dc3fad4dfc9cab33031ee28e7afd348
WF-070-B,gm-grid PNG,assets/maps/png/WF-070-B-gm-grid-v1.png,homebrewery/art/maps/exports/WF-070-B-gm-grid-v1.png,244220,527a1181dd07278f43e77c6c259181ab13217aa4a2fece88cdd624ee343b81ce
WF-070-B,player-grid vector,assets/maps/WF-070-B-player-grid-v1.svg,homebrewery/art/maps/WF-070-B-player-grid-v1.svg,68129,9e1a3fa91c3103eba0171b61c351b19ab8433759450b1877199e568e5adfd193
WF-070-B,player-grid PNG,assets/maps/png/WF-070-B-player-grid-v1.png,homebrewery/art/maps/exports/WF-070-B-player-grid-v1.png,175713,f4d446686b6b686e9c014b5597ce3d814a68ba3abb7ee9075172a5ec757acba1
WF-070-B,player-clear vector,assets/maps/WF-070-B-player-clear-v1.svg,homebrewery/art/maps/WF-070-B-player-clear-v1.svg,67849,16fa6e86390f9654f839142b4c57e0dbe773acbb06e9461a49a17bde775fd795
WF-070-B,player-clear PNG,assets/maps/png/WF-070-B-player-clear-v1.png,homebrewery/art/maps/exports/WF-070-B-player-clear-v1.png,165050,b9aba3e60478b4abfe08bf38b48aef85c4252bc6db4899e88daf78167121f404
WF-070-B,grid-overlay vector,assets/maps/WF-070-B-grid-overlay-v1.svg,homebrewery/art/maps/WF-070-B-grid-overlay-v1.svg,51489,dcfd3b04c350522b8e6318e66b1caabc00656e561a9fc7c88999ff3a3eaf2a8d
WF-070-B,grid-overlay PNG,assets/maps/png/WF-070-B-grid-overlay-v1.png,homebrewery/art/maps/exports/WF-070-B-grid-overlay-v1.png,39264,ed6d465ce742da21429776c9d7364d5ccf918d7eaa82d01cd2e236a2ff994f5a
WF-070-B,book vector,assets/maps/WF-070-B-book-v1.svg,homebrewery/art/maps/WF-070-B-book-v1.svg,72848,08065deb5508311d843c9a807cbbfa967ae04a00f6f981e6d1e0ab96bf2c50f2
WF-070-B,book PNG,assets/maps/png/WF-070-B-book-v1.png,homebrewery/art/maps/exports/WF-070-B-book-v1.png,411083,853ebb7225be13ce8e3caceb7acbb28167171df58594137ec2f093e0e45f99e0
WF-226-A,book vector,assets/maps/WF-226-A-letter-book-v1.svg,homebrewery/art/maps/WF-226-A-letter-book-v1.svg,53349,38d03dc6cd9df4a14c96b2e2015348adbfd7e1fac53ab26ab8dd41ee91da20b1
WF-226-A,book PNG,assets/maps/png/WF-226-A-letter-book-v1.png,homebrewery/art/maps/exports/WF-226-A-letter-book-v1.png,457071,a8f17ba2ba3861f1fe259c4155081ce606ae4a263a00390e093f247e94239694
WF-226-A,player-print vector,assets/maps/WF-226-A-letter-player-v1.svg,homebrewery/art/maps/WF-226-A-letter-player-v1.svg,53332,46badf2bdd9477936de2ca2043ff6a26e4707773cd0dd2a9cd9f3b00cce4e580
WF-226-A,player-print PNG,assets/maps/png/WF-226-A-letter-player-v1.png,homebrewery/art/maps/exports/WF-226-A-letter-player-v1.png,457071,a8f17ba2ba3861f1fe259c4155081ce606ae4a263a00390e093f247e94239694
WF-054-A,book vector,assets/maps/WF-054-A-compass-v1.svg,homebrewery/art/maps/WF-054-A-compass-v1.svg,52089,9a2230b1eb086d435179440c6fec13cdfbb1a7e44fd8532054573396b4c27c2e
WF-054-A,book PNG,assets/maps/png/WF-054-A-compass-v1.png,homebrewery/art/maps/exports/WF-054-A-compass-v1.png,67755,f9ce2a1ae7b54542ca3e1b61135a3a244fd212761d66694c12e8fc0dc82acfaa
WF-054-B,book vector,assets/maps/WF-054-B-wrenmarch-book-v1.svg,homebrewery/art/maps/WF-054-B-wrenmarch-book-v1.svg,81026,8e7d6d4537e0120cf0b9858b3bb925d20590b3e884c5e709ed708f4cf0998288
WF-054-B,book PNG,assets/maps/png/WF-054-B-wrenmarch-book-v1.png,homebrewery/art/maps/exports/WF-054-B-wrenmarch-book-v1.png,582065,ba6ff765028038a8f4450689367e739c51290b959c2e96f3e2796b647164b79f
WF-172-A,book vector,assets/maps/WF-172-A-selvane-gm-book-v1.svg,homebrewery/art/maps/WF-172-A-selvane-gm-book-v1.svg,88527,bf40ba1a3f6fc186f80d637eeccde60b10acf86cc64664611d46429e534c679f
WF-172-A,book PNG,assets/maps/png/WF-172-A-selvane-gm-book-v1.png,homebrewery/art/maps/exports/WF-172-A-selvane-gm-book-v1.png,2237361,1d9d48d178761c1ce9e03ba5bc462b9364af80b9c00ef669726b3ed55b4cb2b6
WF-473-A,book vector,assets/maps/WF-473-A-selvane-player-book-v1.svg,homebrewery/art/maps/WF-473-A-selvane-player-book-v1.svg,82885,ba74be435b781405b983b842bef17005a29afb60b29b374356281c42fe68064c
WF-473-A,book PNG,assets/maps/png/WF-473-A-selvane-player-book-v1.png,homebrewery/art/maps/exports/WF-473-A-selvane-player-book-v1.png,2050249,ad239777bf0cae4149f04e4d8aac33f2678c694d4731efc887f1be2b9009ada4
WF-172-A,player-blank-print vector,assets/maps/WF-172-A-selvane-player-blank-book-v1.svg,homebrewery/art/maps/WF-172-A-selvane-player-blank-book-v1.svg,81528,5f072810871e33a51813d8f708798019b11280e1f4aa1aef4d7605a955cdddb0
WF-172-A,player-blank-print PNG,assets/maps/png/WF-172-A-selvane-player-blank-book-v1.png,homebrewery/art/maps/exports/WF-172-A-selvane-player-blank-book-v1.png,2025544,1540c33c01a7f9579bf62c6a3e4b181e4989b1925822980f07e2d7db3f57106b
WF-172-A,gm-regional-poster vector,assets/maps/WF-172-A-selvane-gm-poster-v1.svg,homebrewery/art/maps/WF-172-A-selvane-gm-poster-v1.svg,84469,6fce7748edb58503e3b48c30ab53db4a15c3684de7790952f288c0b215b714d6
WF-172-A,gm-regional-poster PNG,assets/maps/png/WF-172-A-selvane-gm-poster-v1.png,homebrewery/art/maps/exports/WF-172-A-selvane-gm-poster-v1.png,9578037,057e2fc11dbe56ff2d82ff499f6c223ac551279f7ac712ea93ce71d91ae91f4a
WF-172-A,player-regional-poster vector,assets/maps/WF-172-A-selvane-player-poster-v1.svg,homebrewery/art/maps/WF-172-A-selvane-player-poster-v1.svg,79692,df2029e5ea06cd6eade399b3fb58c0c20ea26323a1c91129e93fb4fe4a36ac4e
WF-172-A,player-regional-poster PNG,assets/maps/png/WF-172-A-selvane-player-poster-v1.png,homebrewery/art/maps/exports/WF-172-A-selvane-player-poster-v1.png,9282954,97b6cc11f85493348cc48de6a8b58e6b61e48b85b7875efabf8c848ed85b812a
WF-172-A,player-blank-poster vector,assets/maps/WF-172-A-selvane-blank-poster-v1.svg,homebrewery/art/maps/WF-172-A-selvane-blank-poster-v1.svg,78522,acb0c33e3b737d72ebe3f8cd66de307da617372cc871cb19c7517de5ed230e0a
WF-172-A,player-blank-poster PNG,assets/maps/png/WF-172-A-selvane-blank-poster-v1.png,homebrewery/art/maps/exports/WF-172-A-selvane-blank-poster-v1.png,9257361,17b8147f44c0246b4a572ae483cff1450d70883b89e5dd85988bc2b589e5f434
WF-172-A,regional-grid-overlay vector,assets/maps/WF-172-A-hex-grid-overlay-v1.svg,homebrewery/art/maps/WF-172-A-hex-grid-overlay-v1.svg,36574,47e862863a570894e2bb043230c90c612aa04ee9cf683a4601fd4563813c17cc
WF-172-A,regional-grid-overlay PNG,assets/maps/png/WF-172-A-hex-grid-overlay-v1.png,homebrewery/art/maps/exports/WF-172-A-hex-grid-overlay-v1.png,7088261,40e867034b2764aea6b3dd0632d69e9041f33f7c4b8b35854b137dac43754c9b
WF-172-A,player-exploration-detail vector,assets/maps/WF-172-A-player-detail-wrenhaven-ashwatch-v1.svg,homebrewery/art/maps/WF-172-A-player-detail-wrenhaven-ashwatch-v1.svg,75761,f15d701453790edd6fbc2448ef30a3bbe815c79ed2ec3d66aeb4a6dd59349be2
WF-172-A,player-exploration-detail PNG,assets/maps/png/WF-172-A-player-detail-wrenhaven-ashwatch-v1.png,homebrewery/art/maps/exports/WF-172-A-player-detail-wrenhaven-ashwatch-v1.png,4215286,bec52de8119f2f6fb95421a4c3cc0d9d657119daa86daba932301e04d154ab16
WF-172-A,player-exploration-detail vector,assets/maps/WF-172-A-player-detail-western-dunes-v1.svg,homebrewery/art/maps/WF-172-A-player-detail-western-dunes-v1.svg,72945,05c9b4cc2dcc6bda35ee64f72b5ced7b0699a0d05f33aac10bc182edc62662f2
WF-172-A,player-exploration-detail PNG,assets/maps/png/WF-172-A-player-detail-western-dunes-v1.png,homebrewery/art/maps/exports/WF-172-A-player-detail-western-dunes-v1.png,5367901,8aa91f15609267dc6ef0b28a75696393835dc537a0bf1d46e428365c0dd74571
imageMaskCenter6,watercolor mask,assets/masks/center-0006.webp,homebrewery/art/masks/center-0006.webp,69654,318d435b513df1ed9ab527d56bcb98f979173127c131bcfa1a9abd7a210ab93c
imageMaskCorner19,watercolor mask,assets/masks/corner-0019.webp,homebrewery/art/masks/corner-0019.webp,160236,47050ea728e8f57451e4c9e05a15d051171501da73619b5fb0ae5baf3a51df5d
imageMaskCorner23,watercolor mask,assets/masks/corner-0023.webp,homebrewery/art/masks/corner-0023.webp,158198,b30b5ef6ae9277dc92ab1098ec281adc12ed7382b67d973674632273bd0f5fc4
imageMaskCorner32,watercolor mask,assets/masks/corner-0032.webp,homebrewery/art/masks/corner-0032.webp,127078,b278ccc139585a6f4bdf64889c998be91fb3d896ec698a0d8b492cda86f83fc3
imageMaskEdge1,watercolor mask,assets/masks/edge-0001.webp,homebrewery/art/masks/edge-0001.webp,35216,14e1c5b842ecb59256b7a9bf837ec5ac2783db51b7426d495d93cff400af8ff7
imageMaskEdge4,watercolor mask,assets/masks/edge-0004.webp,homebrewery/art/masks/edge-0004.webp,42194,c020ba7b9cb1e14a19e5a50654f1d3bd59587235a9f4da3b2f973df1d3da675a
imageMaskEdge5,watercolor mask,assets/masks/edge-0005.webp,homebrewery/art/masks/edge-0005.webp,42204,c250c08e61f749bc85e4f0def1f507deba7b968192eb7a5e09e4e82853622667
imageMaskEdge8,watercolor mask,assets/masks/edge-0008.webp,homebrewery/art/masks/edge-0008.webp,33856,4b73687a8ec28ff5a7e6c0b8ced239aab3a8dab72efa94e2e857e410f08427d0
